airport_id,community_id
4098,0
4099,0
4100,0
4101,0
4103,0
4112,0
4113,0
4114,0
4115,0
4116,0
4117,0
21,0
4124,0
4125,0
30,0
8223,0
31,0
4127,0
4128,0
33,0
34,0
8227,0
4129,0
45,0
48,0
49,0
3673,0
56,0
61,0
70,0
4167,0
4169,0
73,0
77,0
78,0
79,0
3680,0
85,0
87,0
90,0
99,0
100,0
5720,0
108,0
111,0
112,0
113,0
116,0
117,0
119,0
4216,0
120,0
122,0
4219,0
8314,0
125,0
126,0
127,0
3687,0
133,0
135,0
3691,0
5727,0
143,0
144,0
146,0
5728,0
4247,0
4249,0
4250,0
5729,0
156,0
3694,0
5730,0
4255,0
4256,0
160,0
162,0
164,0
4261,0
166,0
4263,0
167,0
168,0
4265,0
172,0
173,0
174,0
4271,0
175,0
177,0
176,0
4273,0
178,0
181,0
180,0
4278,0
179,0
4276,0
4279,0
182,0
184,0
4284,0
4285,0
4287,0
190,0
4286,0
189,0
193,0
4292,0
198,0
199,0
200,0
4296,0
4304,0
4305,0
4306,0
5741,0
4312,0
4314,0
4318,0
3708,0
4335,0
4336,0
3711,0
4338,0
4339,0
4341,0
4344,0
5748,0
4348,0
4354,0
4355,0
4356,0
4359,0
3717,0
5753,0
6426,0
3720,0
4384,0
5756,0
4386,0
4388,0
5758,0
5760,0
6456,0
6460,0
5762,0
5769,0
5770,0
6505,0
507,0
2560,0
2564,0
10792,0
6731,0
6732,0
2641,0
6738,0
6739,0
6740,0
2642,0
2645,0
2647,0
2649,0
2650,0
2651,0
2656,0
2658,0
2662,0
2664,0
2665,0
2667,0
2670,0
2671,0
2672,0
2673,0
2678,0
2680,0
2683,0
2688,0
2690,0
6788,0
2697,0
2699,0
6800,0
2705,0
2706,0
2708,0
2709,0
2710,0
2711,0
2712,0
2713,0
2714,0
2715,0
2716,0
2717,0
2718,0
6814,0
2719,0
2722,0
2724,0
2725,0
2726,0
2728,0
6825,0
2729,0
2731,0
2732,0
2733,0
2734,0
2738,0
2739,0
2741,0
6837,0
2743,0
2742,0
2745,0
2746,0
2747,0
2748,0
2749,0
2750,0
2751,0
2752,0
2753,0
2755,0
2756,0
2759,0
2761,0
2762,0
2764,0
2767,0
2768,0
2769,0
2771,0
2772,0
2773,0
2774,0
2781,0
6880,0
2785,0
6881,0
2787,0
2788,0
2786,0
6883,0
2789,0
2792,0
2796,0
2801,0
2802,0
2804,0
2806,0
2807,0
2808,0
2809,0
2812,0
2816,0
6916,0
2821,0
2822,0
2824,0
2830,0
2833,0
2835,0
2844,0
2846,0
2848,0
2849,0
6945,0
2850,0
2851,0
2853,0
2852,0
2854,0
2856,0
2858,0
2860,0
6957,0
2861,0
6958,0
2864,0
6959,0
6962,0
2868,0
2870,0
2874,0
2875,0
2877,0
2878,0
2879,0
2881,0
2882,0
2883,0
2884,0
2885,0
1794,0
2888,0
2889,0
2890,0
2891,0
6989,0
2893,0
2894,0
2895,0
6992,0
2896,0
2898,0
2897,0
2899,0
2900,0
2901,0
2902,0
2903,0
7001,0
2907,0
7018,0
3698,0
7051,0
7054,0
7056,0
7059,0
7062,0
7064,0
7065,0
7066,0
7067,0
7068,0
7070,0
7071,0
7073,0
7074,0
7076,0
7078,0
3849,0
7081,0
1816,0
1817,0
7121,0
7122,0
3862,0
3879,0
7266,0
7275,0
7313,0
7317,0
7355,0
7359,0
9543,0
5457,0
3415,0
3437,0
3442,0
3445,0
3446,0
3447,0
3448,0
3453,0
3454,0
3456,0
3457,0
3458,0
3459,0
3461,0
3462,0
3463,0
3465,0
3467,0
3469,0
3472,0
3473,0
5523,0
7579,0
3484,0
3486,0
7584,0
3488,0
5538,0
3491,0
1441,0
3493,0
3494,0
3495,0
5545,0
3497,0
3498,0
3502,0
3504,0
3513,0
3514,0
3515,0
3517,0
3520,0
3524,0
3527,0
3528,0
3533,0
3535,0
3536,0
3542,0
3543,0
3544,0
3545,0
3546,0
3550,0
3558,0
3559,0
3560,0
7657,0
3561,0
3564,0
3566,0
3570,0
7669,0
3576,0
3577,0
3578,0
3580,0
3582,0
3584,0
3585,0
3589,0
3591,0
3596,0
3597,0
3598,0
3602,0
3604,0
3608,0
3609,0
3611,0
3612,0
3613,0
3617,0
3621,0
3622,0
3624,0
9768,0
3626,0
3627,0
3630,0
9774,0
3633,0
3636,0
3641,0
3642,0
3644,0
3645,0
3646,0
3650,0
3652,0
3653,0
3658,0
3659,0
3660,0
3661,0
3665,0
5714,0
5715,0
5716,0
3670,0
5719,0
5718,0
5721,0
5722,0
3675,0
3676,0
3671,0
3678,0
3674,0
5723,0
5724,0
5726,0
5725,0
5732,0
3681,0
3682,0
5735,0
5736,0
3689,0
3690,0
5739,0
5740,0
3685,0
5733,0
5734,0
5744,0
3697,0
5737,0
5738,0
5742,0
5749,0
3696,0
5746,0
5747,0
3705,0
3700,0
3701,0
5750,0
5751,0
3704,0
5759,0
5754,0
5761,0
3713,0
3714,0
3715,0
5765,0
5757,0
3710,0
5768,0
3712,0
5763,0
3718,0
3724,0
3719,0
5767,0
5766,0
5772,0
5773,0
3722,0
5775,0
5771,0
5777,0
5774,0
3728,0
5779,0
5776,0
3729,0
3730,0
3731,0
3732,0
3734,0
3736,0
3738,0
3739,0
3743,0
3744,0
3745,0
3747,0
3748,0
3749,0
3751,0
3752,0
3753,0
3754,0
5807,0
3759,0
5809,0
5810,0
5811,0
3770,0
3771,0
3775,0
3777,0
3782,0
5832,0
3784,0
5837,0
3790,0
3793,0
5842,0
3796,0
5844,0
3797,0
5847,0
5848,0
1754,0
1755,0
3804,0
3805,0
3806,0
1759,0
3807,0
5857,0
1760,0
5859,0
1761,0
1762,0
3811,0
1764,0
3816,0
1767,0
3817,0
1771,0
3819,0
1773,0
1772,0
3820,0
1774,0
3824,0
1776,0
3825,0
3826,0
1779,0
1780,0
3829,0
3830,0
1783,0
1785,0
1786,0
1789,0
3838,0
3839,0
1792,0
3840,0
1793,0
1795,0
3843,0
3845,0
1796,0
1798,0
3848,0
1797,0
3846,0
1802,0
3852,0
3851,0
1800,0
1807,0
1808,0
3855,0
1801,0
1810,0
3858,0
1804,0
1813,0
1815,0
3859,0
3857,0
3861,0
3863,0
1818,0
3864,0
1814,0
3867,0
3872,0
1825,0
1819,0
1820,0
3875,0
3873,0
1821,0
1822,0
3877,0
1824,0
1826,0
1829,0
1828,0
3876,0
1830,0
3878,0
1831,0
3880,0
3881,0
1834,0
1835,0
1836,0
1837,0
1838,0
1839,0
1840,0
1842,0
1845,0
1851,0
1846,0
1847,0
1848,0
1850,0
1852,0
1853,0
1854,0
1855,0
1856,0
1858,0
1863,0
1871,0
1879,0
1881,0
1884,0
1885,0
1887,0
1889,0
1892,0
1895,0
3944,0
3945,0
1897,0
3946,0
3947,0
3948,0
1901,0
1903,0
3950,0
3949,0
1905,0
1904,0
1908,0
1909,0
1910,0
1918,0
1923,0
1925,0
1926,0
1930,0
1932,0
1934,0
1937,0
3988,0
1941,0
1943,0
1944,0
1946,0
1948,0
1949,0
6045,0
6046,0
1952,0
1950,0
1951,0
6051,0
1956,0
6052,0
6054,0
4006,0
6047,0
6055,0
6056,0
4007,0
4008,0
1957,0
6053,0
4009,0
4015,0
6058,0
4011,0
4014,0
4020,0
4012,0
6067,0
6066,0
4016,0
4018,0
4017,0
1970,0
4019,0
4022,0
4021,0
4023,0
6072,0
4024,0
4025,0
4026,0
4027,0
4028,0
6079,0
6080,0
4034,0
4037,0
4038,0
4039,0
4040,0
4041,0
4042,0
4043,0
4044,0
4045,0
4046,0
4047,0
4048,0
4049,0
4050,0
4058,0
4063,0
4064,0
4067,0
4069,0
4072,0
1953,0
6130,0
4083,0
6133,0
4087,0
4088,0
4089,0
2048,1
2050,1
2051,1
2053,1
2057,1
2059,1
2060,1
6157,1
2061,1
2062,1
16,1
8209,1
2064,1
2066,1
2067,1
2068,1
2069,1
4119,1
6168,1
6169,1
2072,1
2074,1
2075,1
6172,1
2076,1
6173,1
6174,1
6176,1
2081,1
6179,1
6180,1
4130,1
6182,1
2082,1
2084,1
6185,1
2086,1
6183,1
2089,1
2090,1
8235,1
2093,1
2095,1
2096,1
4160,1
4166,1
8266,1
4183,1
4188,1
4190,1
4191,1
4192,1
4193,1
4194,1
4195,1
4196,1
4197,1
4198,1
2165,1
2170,1
2172,1
2176,1
2177,1
2179,1
4235,1
2188,1
2191,1
2192,1
2194,1
2195,1
2202,1
2203,1
2204,1
2206,1
2207,1
2212,1
2214,1
2217,1
2219,1
2221,1
2222,1
2223,1
2227,1
2233,1
2234,1
8381,1
209,1
210,1
4309,1
4315,1
220,1
221,1
222,1
4317,1
8414,1
225,1
224,1
4322,1
230,1
231,1
233,1
4330,1
235,1
4331,1
237,1
238,1
240,1
4345,1
4347,1
286,1
287,1
290,1
291,1
293,1
295,1
296,1
299,1
302,1
304,1
309,1
310,1
6466,1
337,1
338,1
339,1
340,1
341,1
342,1
344,1
345,1
346,1
347,1
6492,1
6493,1
348,1
349,1
350,1
351,1
352,1
353,1
356,1
355,1
362,1
364,1
371,1
373,1
374,1
382,1
393,1
6184,1
400,1
410,1
413,1
415,1
416,1
421,1
428,1
429,1
430,1
432,1
433,1
435,1
437,1
438,1
439,1
441,1
442,1
446,1
448,1
453,1
455,1
458,1
460,1
462,1
465,1
467,1
468,1
469,1
472,1
478,1
481,1
488,1
490,1
491,1
492,1
494,1
495,1
497,1
498,1
499,1
502,1
503,1
508,1
514,1
515,1
517,1
519,1
520,1
521,1
522,1
523,1
530,1
531,1
532,1
533,1
534,1
535,1
536,1
537,1
538,1
540,1
541,1
542,1
547,1
548,1
552,1
580,1
582,1
585,1
586,1
591,1
6737,1
596,1
6741,1
599,1
600,1
601,1
603,1
605,1
607,1
608,1
6753,1
610,1
609,1
612,1
6756,1
6757,1
6760,1
618,1
619,1
6768,1
625,1
628,1
629,1
630,1
6776,1
634,1
6780,1
636,1
6781,1
6782,1
638,1
640,1
6784,1
642,1
8832,1
641,1
643,1
644,1
645,1
6790,1
647,1
651,1
655,1
656,1
657,1
659,1
660,1
662,1
664,1
665,1
666,1
668,1
669,1
671,1
674,1
675,1
676,1
679,1
680,1
685,1
687,1
688,1
691,1
693,1
698,1
699,1
8892,1
703,1
707,1
708,1
709,1
711,1
714,1
715,1
718,1
721,1
722,1
724,1
726,1
728,1
731,1
733,1
734,1
737,1
738,1
739,1
742,1
743,1
746,1
8949,1
772,1
6933,1
6940,1
11051,1
9043,1
9044,1
9045,1
2922,1
2931,1
2939,1
2940,1
2941,1
2944,1
2945,1
2947,1
2948,1
2949,1
2954,1
2964,1
2976,1
2985,1
2988,1
2994,1
2996,1
2997,1
2999,1
3000,1
3001,1
3002,1
3003,1
3007,1
3008,1
3009,1
3010,1
3012,1
3015,1
3017,1
3018,1
3019,1
3020,1
3022,1
3023,1
3024,1
3038,1
3039,1
3040,1
994,1
995,1
3042,1
3043,1
3050,1
3055,1
3057,1
3061,1
3063,1
11257,1
3066,1
3068,1
3069,1
3071,1
3072,1
3073,1
3074,1
3076,1
3079,1
3080,1
3081,1
3084,1
3085,1
3089,1
3092,1
3093,1
3094,1
3097,1
3098,1
1051,1
1052,1
3101,1
3100,1
3103,1
1053,1
1054,1
3104,1
1055,1
1058,1
1056,1
1057,1
3105,1
3112,1
1065,1
1064,1
1066,1
1070,1
1072,1
3122,1
1074,1
1075,1
1077,1
1078,1
1079,1
3125,1
3127,1
9272,1
3129,1
9273,1
1080,1
3130,1
3131,1
3134,1
3135,1
3136,1
3137,1
3142,1
3143,1
3144,1
3146,1
1102,1
1103,1
1105,1
3153,1
1106,1
3155,1
1109,1
1110,1
1111,1
1107,1
3156,1
1114,1
1112,1
1113,1
1117,1
1116,1
1118,1
1119,1
1127,1
1128,1
1130,1
1132,1
9327,1
1136,1
1138,1
1140,1
1143,1
1152,1
1153,1
1154,1
1157,1
1162,1
1169,1
1173,1
1175,1
1190,1
1191,1
1193,1
1194,1
1196,1
1197,1
1198,1
1200,1
1202,1
1203,1
1205,1
1206,1
1208,1
1209,1
1212,1
1213,1
1214,1
1216,1
1218,1
1219,1
1220,1
1222,1
1223,1
1225,1
1226,1
1227,1
1229,1
1230,1
1231,1
1234,1
1236,1
1238,1
1242,1
1243,1
1246,1
1247,1
1250,1
1251,1
1252,1
1253,1
1262,1
1264,1
1265,1
1268,1
1270,1
7417,1
1273,1
1274,1
1276,1
1277,1
1278,1
1279,1
1280,1
1285,1
1289,1
7447,1
1309,1
7453,1
1313,1
7459,1
1320,1
1321,1
1322,1
1323,1
1324,1
1330,1
1335,1
1344,1
7490,1
1350,1
1352,1
1353,1
1354,1
1356,1
1359,1
1360,1
1361,1
3410,1
1367,1
1371,1
1374,1
1376,1
1382,1
1386,1
1399,1
1403,1
1405,1
1408,1
1409,1
1412,1
1415,1
1416,1
1417,1
1418,1
1423,1
1425,1
1435,1
1438,1
1439,1
1446,1
1448,1
1450,1
1451,1
1452,1
1453,1
1454,1
1455,1
5552,1
5553,1
1456,1
5555,1
1458,1
1459,1
1460,1
1463,1
1461,1
5557,1
1462,1
1464,1
5563,1
1465,1
5562,1
1468,1
1469,1
1470,1
1472,1
1473,1
1474,1
5572,1
1475,1
1476,1
5574,1
5575,1
1479,1
1480,1
5577,1
1482,1
1486,1
1488,1
5585,1
1489,1
1490,1
5586,1
5591,1
5593,1
5594,1
5595,1
5596,1
5597,1
1501,1
1505,1
1506,1
1508,1
1509,1
1510,1
1511,1
1512,1
1514,1
1515,1
1517,1
1519,1
1520,1
1524,1
1525,1
1526,1
1528,1
1529,1
1531,1
1534,1
1536,1
1538,1
1539,1
1545,1
1550,1
1551,1
1553,1
1555,1
1558,1
1561,1
1562,1
5659,1
1563,1
1567,1
1569,1
5670,1
5671,1
5672,1
5673,1
1579,1
1582,1
5680,1
1587,1
1588,1
1590,1
5691,1
5696,1
5697,1
1602,1
5699,1
5701,1
5702,1
1606,1
1609,1
1610,1
1611,1
1612,1
1613,1
5711,1
1617,1
1625,1
1626,1
1627,1
1628,1
1629,1
7774,1
1633,1
1634,1
1636,1
1637,1
1638,1
1639,1
1645,1
1646,1
1647,1
1649,1
1651,1
1652,1
1654,1
1655,1
1656,1
1657,1
1658,1
1659,1
1662,1
1663,1
1665,1
1675,1
1676,1
7821,1
1678,1
1679,1
1682,1
5780,1
5781,1
1685,1
1688,1
1689,1
5787,1
1691,1
1693,1
1692,1
1694,1
1696,1
5793,1
5794,1
1699,1
5796,1
1701,1
5798,1
5799,1
5800,1
5801,1
5802,1
1706,1
1715,1
1721,1
1722,1
1723,1
1724,1
1726,1
1728,1
1729,1
1735,1
1737,1
1738,1
1739,1
1741,1
1742,1
1745,1
1746,1
5924,1
5925,1
5937,1
5939,1
5940,1
5941,1
5942,1
5943,1
5949,1
5951,1
5952,1
5954,1
3941,1
3953,1
3956,1
3958,1
3959,1
3964,1
3967,1
3968,1
3972,1
3973,1
3974,1
3975,1
3976,1
3977,1
3978,1
3979,1
8076,1
3980,1
3984,1
3986,1
3987,1
3989,1
3998,1
6089,1
6090,1
6103,1
6105,1
6106,1
4057,1
4059,1
6109,1
4091,1
1,2
2,2
3,2
4,2
4097,2
6,2
5,2
4108,2
4109,2
4110,2
4120,2
4131,2
4132,2
4133,2
4135,2
6186,2
6187,2
6188,2
4141,2
4142,2
4143,2
6192,2
6190,2
6191,2
6189,2
6193,2
6194,2
4145,2
6195,2
4148,2
4149,2
4153,2
4155,2
4156,2
4154,2
6204,2
4159,2
4157,2
4158,2
6209,2
2047,2
6212,2
6215,2
6216,2
6217,2
6218,2
6219,2
6220,2
6222,2
6223,2
6225,2
6235,2
6237,2
4189,2
6238,2
6241,2
6242,2
4090,2
4199,2
4200,2
6249,2
4201,2
4202,2
4203,2
6253,2
4204,2
4206,2
6256,2
6255,2
6260,2
6264,2
4217,2
6266,2
6267,2
4218,2
6268,2
6269,2
6270,2
6271,2
6272,2
6276,2
6278,2
6281,2
6285,2
6286,2
6287,2
6289,2
6294,2
6297,2
6298,2
6300,2
6301,2
6302,2
6303,2
6307,2
6310,2
6311,2
6312,2
6314,2
6315,2
6316,2
6317,2
6318,2
6319,2
6320,2
6321,2
6324,2
6334,2
6337,2
6338,2
4291,2
2243,2
2244,2
2246,2
6341,2
6344,2
6345,2
6346,2
6347,2
4300,2
2252,2
4301,2
6350,2
4302,2
2256,2
6351,2
2258,2
6352,2
4308,2
6353,2
2262,2
6355,2
6354,2
2264,2
6356,2
6357,2
6363,2
2268,2
2270,2
6359,2
4319,2
6370,2
6371,2
4320,2
6365,2
6372,2
2275,2
2276,2
6373,2
2280,2
2281,2
2284,2
6378,2
6374,2
6375,2
6376,2
2286,2
6377,2
2288,2
6379,2
2290,2
2291,2
2294,2
2295,2
2296,2
2298,2
2297,2
2299,2
6396,2
6390,2
6391,2
2304,2
2305,2
6393,2
2307,2
2308,2
6397,2
6406,2
2311,2
6408,2
6409,2
6410,2
2310,2
2316,2
6412,2
6413,2
2312,2
2313,2
6411,2
2322,2
6414,2
2324,2
2326,2
2327,2
2328,2
2330,2
6427,2
2332,2
2333,2
2334,2
2335,2
4380,2
2336,2
6432,2
2337,2
6435,2
2340,2
2341,2
6430,2
2344,2
2345,2
2346,2
2347,2
2352,2
2356,2
2359,2
2361,2
2365,2
2370,2
2372,2
2374,2
2378,2
2380,2
2381,2
2384,2
2387,2
2388,2
2390,2
2397,2
4140,2
2399,2
2400,2
2401,2
2402,2
2404,2
2409,2
4144,2
2422,2
2423,2
2425,2
2426,2
2429,2
2430,2
2433,2
8630,2
6368,2
3364,2
3366,2
8407,2
3369,2
3370,2
3371,2
3372,2
6733,2
8781,2
5409,2
3374,2
6743,2
6744,2
5411,2
5412,2
6752,2
6758,2
8807,2
5414,2
5415,2
3380,2
6769,2
6772,2
8826,2
5418,2
5419,2
6792,2
6793,2
6794,2
6795,2
8845,2
5422,2
5424,2
8876,2
10940,2
10941,2
5431,2
5433,2
7470,2
5436,2
8921,2
5437,2
8979,2
6943,2
6944,2
6946,2
6949,2
6955,2
6963,2
6974,2
9025,2
9090,2
9107,2
7128,2
3034,2
3035,2
11258,2
3077,2
3115,2
3116,2
3118,2
3120,2
3121,2
3152,2
3157,2
3161,2
3163,2
3164,2
9310,2
9311,2
3170,2
3173,2
3174,2
2259,2
3177,2
3179,2
3180,2
3181,2
3182,2
3183,2
3184,2
3186,2
3196,2
3199,2
3201,2
3204,2
3205,2
3209,2
3213,2
3215,2
3217,2
3222,2
3224,2
3232,2
3235,2
3236,2
3237,2
6342,2
3239,2
3240,2
3241,2
3242,2
9386,2
3243,2
3245,2
3244,2
3246,2
3247,2
2272,2
3249,2
3250,2
3251,2
3253,2
3254,2
3256,2
3257,2
3258,2
3259,2
3260,2
3261,2
3262,2
3263,2
3264,2
3265,2
3266,2
3267,2
3268,2
6348,2
3269,2
3270,2
3271,2
3272,2
3273,2
2278,2
3275,2
2279,2
6349,2
11473,2
3282,2
3284,2
2045,2
3287,2
3288,2
3289,2
3294,2
3296,2
3298,2
3299,2
3300,2
3302,2
3303,2
3304,2
3305,2
11498,2
3307,2
3308,2
3310,2
2287,2
3316,2
6358,2
3318,2
3319,2
3320,2
3321,2
3322,2
3323,2
3324,2
3325,2
3326,2
6360,2
3328,2
3329,2
3330,2
3331,2
3332,2
6361,2
3334,2
3333,2
3336,2
3337,2
3339,2
3341,2
3345,2
3346,2
3347,2
3348,2
3349,2
3351,2
3353,2
3355,2
3356,2
8401,2
5404,2
3359,2
3358,2
3361,2
6367,2
3362,2
5410,2
7457,2
6366,2
5407,2
3368,2
5416,2
5417,2
3363,2
5420,2
3373,2
5421,2
3375,2
3376,2
3377,2
3378,2
3379,2
5423,2
5425,2
5428,2
5429,2
5430,2
5432,2
3386,2
3381,2
3382,2
3383,2
3384,2
3385,2
5434,2
3387,2
3388,2
5435,2
3389,2
3391,2
3390,2
3395,2
3392,2
3396,2
3393,2
3394,2
3399,2
3402,2
3397,2
3398,2
7503,2
3400,2
3409,2
7504,2
3404,2
3406,2
3408,2
7505,2
7506,2
7508,2
7519,2
6380,2
7527,2
6381,2
8417,2
6382,2
6383,2
6384,2
6385,2
6386,2
7558,2
6387,2
6388,2
7577,2
6392,2
6394,2
6395,2
6398,2
7616,2
7617,2
7618,2
6399,2
6400,2
6401,2
6402,2
6403,2
6404,2
6407,2
4381,2
6429,2
6433,2
9843,2
6434,2
9844,2
9845,2
9846,2
9848,2
9849,2
11922,2
9887,2
9888,2
9889,2
9898,2
9904,2
9905,2
7862,2
7894,2
7898,2
5867,2
5869,2
5873,2
5874,2
5875,2
5877,2
5878,2
5883,2
5884,2
7932,2
5885,2
5896,2
5897,2
5900,2
5901,2
5902,2
5905,2
5909,2
5910,2
5911,2
5912,2
3885,2
3886,2
3890,2
7987,2
3894,2
3896,2
3898,2
3901,2
3903,2
3904,2
3905,2
3906,2
3908,2
3910,2
3911,2
3913,2
3914,2
3916,2
3917,2
3919,2
3920,2
3924,2
3927,2
3928,2
6343,2
3929,2
3930,2
3931,2
3932,2
3933,2
3936,2
3937,2
3938,2
3939,2
3940,2
3942,2
3943,2
5994,2
8043,2
5996,2
5997,2
5998,2
5999,2
6000,2
6001,2
6003,2
6005,2
6006,2
6007,2
6008,2
6012,2
6013,2
6016,2
6018,2
6019,2
6021,2
6022,2
6023,2
6024,2
6025,2
6026,2
8082,2
3990,2
3992,2
3994,2
3999,2
4000,2
1960,2
1961,2
4010,2
1963,2
4013,2
1968,2
10160,2
1969,2
4030,2
4033,2
1997,2
4051,2
4052,2
2005,2
4054,2
2007,2
4056,2
2006,2
2009,2
2011,2
2012,2
2014,2
4062,2
2015,2
2017,2
2018,2
2023,2
2024,2
2025,2
4074,2
2028,2
4077,2
2029,2
2030,2
2031,2
4081,2
2034,2
2035,2
2037,2
4086,2
4085,2
2041,2
2042,2
4093,2
2046,2
4095,2
5632,3
5633,3
1026,3
1028,3
5637,3
1031,3
1032,3
5641,3
1033,3
5643,3
4105,3
1035,3
1036,3
1037,3
1038,3
1040,3
1042,3
1043,3
5652,3
5653,3
1044,3
1050,3
11290,3
5665,3
1059,3
1062,3
1063,3
5674,3
5675,3
5686,3
5687,3
5688,3
1081,3
1082,3
5692,3
5693,3
5694,3
5695,3
1084,3
4161,3
4162,3
1094,3
5703,3
1097,3
6730,3
5709,3
1104,3
1120,3
1121,3
1122,3
9824,3
9826,3
9828,3
9829,3
1141,3
6773,3
1144,3
1145,3
6778,3
1147,3
1149,3
1165,3
1166,3
1176,3
1177,3
1180,3
1182,3
1183,3
1186,3
1187,3
245,3
246,3
247,3
248,3
249,3
251,3
252,3
253,3
7424,3
260,3
262,3
263,3
264,3
266,3
267,3
268,3
269,3
270,3
273,3
275,3
276,3
277,3
280,3
7450,3
794,3
797,3
799,3
800,3
804,3
7976,3
298,3
811,3
813,3
815,3
820,3
827,3
6972,3
838,3
840,3
843,3
845,3
849,3
865,3
866,3
877,3
879,3
880,3
881,3
883,3
886,3
887,3
888,3
890,3
891,3
893,3
894,3
897,3
898,3
900,3
901,3
906,3
907,3
908,3
910,3
912,3
915,3
916,3
917,3
918,3
920,3
921,3
922,3
923,3
924,3
927,3
929,3
930,3
932,3
933,3
937,3
943,3
944,3
946,3
948,3
5556,3
949,3
951,3
952,3
953,3
957,3
958,3
959,3
960,3
967,3
970,3
973,3
974,3
976,3
977,3
979,3
984,3
985,3
986,3
988,3
11229,3
990,3
11230,3
5604,3
999,3
1001,3
5612,3
1004,3
5613,3
1005,3
1013,3
1016,3
1018,3
1020,3
5630,3
2562,4
2566,4
2568,4
2569,4
2570,4
2572,4
2575,4
2576,4
2577,4
2578,4
2581,4
2582,4
2584,4
2586,4
2587,4
2590,4
2591,4
2595,4
2596,4
2597,4
2599,4
2602,4
2603,4
2604,4
8237,4
9771,4
8239,4
8240,4
8238,4
8241,4
8243,4
2607,4
2609,4
8242,4
2610,4
2612,4
2613,4
8247,4
8244,4
2615,4
2616,4
2618,4
2619,4
2621,4
2622,4
2623,4
2624,4
8256,4
579,4
8258,4
8259,4
2628,4
2629,4
2630,4
2631,4
2632,4
2633,4
2635,4
2637,4
2638,4
6735,4
4209,4
4214,4
4215,4
6777,4
7364,4
7367,4
7368,4
7369,4
7370,4
7372,4
7373,4
7374,4
7375,4
7376,4
8914,4
7380,4
7382,4
7383,4
7384,4
7394,4
7395,4
7398,4
7399,4
7407,4
2556,4
6477,4
7532,4
2439,4
2440,4
2441,4
2442,4
2443,4
6034,4
2452,4
6036,4
2454,4
2455,4
2456,4
6037,4
2458,4
6038,4
2460,4
2461,4
6039,4
6040,4
2467,4
2469,4
2470,4
2471,4
2474,4
2476,4
2477,4
6069,4
2487,4
2488,4
6073,4
2490,4
2491,4
2492,4
2495,4
2496,4
2497,4
2501,4
2508,4
2509,4
2512,4
2513,4
2517,4
2518,4
2521,4
2522,4
2524,4
4061,4
2525,4
2526,4
2528,4
2531,4
2533,4
2535,4
2537,4
2538,4
2539,4
2541,4
2543,4
2544,4
2545,4
2547,4
2548,4
2549,4
8180,4
2551,4
2550,4
2554,4
2555,4
4092,4
2559,4
6146,5
6147,5
6148,5
6149,5
6150,5
6151,5
6152,5
6153,5
6154,5
1546,5
6156,5
6159,5
6160,5
4111,5
6162,5
6164,5
6165,5
6166,5
8740,5
1584,5
8774,5
8775,5
6734,5
8782,5
11436,5
4274,5
7863,5
4297,5
1743,5
8924,5
8428,5
8944,5
4352,5
4353,5
4357,5
4358,5
4362,5
4363,5
6924,5
4364,5
4365,5
4367,5
4368,5
4369,5
4371,5
4373,5
4374,5
4375,5
4377,5
6954,5
6969,5
9026,5
6485,5
7003,5
2908,5
2910,5
2911,5
2912,5
2913,5
2914,5
2916,5
2917,5
2918,5
2920,5
2923,5
2925,5
2926,5
2927,5
2930,5
2932,5
2933,5
2934,5
2935,5
2936,5
2937,5
2938,5
3965,5
2942,5
3971,5
2952,5
2955,5
2956,5
2957,5
7563,5
2958,5
2960,5
2961,5
2962,5
2963,5
2965,5
2966,5
2967,5
2968,5
2969,5
2972,5
2973,5
2974,5
2975,5
2979,5
2980,5
2981,5
2983,5
2987,5
2989,5
2990,5
2991,5
2992,5
2993,5
4029,5
6083,5
6084,5
6085,5
6086,5
6088,5
6092,5
6093,5
6094,5
6095,5
6098,5
6110,5
6111,5
6114,5
6118,5
6119,5
6121,5
6122,5
6124,5
6125,5
4078,5
6137,5
6138,5
6139,5
6140,5
6141,5
6142,5
6143,5
8199,6
8200,6
7177,6
7178,6
7179,6
7180,6
7181,6
7182,6
7183,6
7184,6
7185,6
7186,6
7187,6
7188,6
9744,6
7190,6
7191,6
7192,6
7194,6
3610,6
7199,6
3615,6
7201,6
7202,6
7203,6
3620,6
7205,6
7206,6
7207,6
7208,6
7209,6
3628,6
7213,6
7214,6
4147,6
7220,6
6712,6
6713,6
6714,6
6715,6
6716,6
6717,6
6718,6
6719,6
6720,6
6722,6
6723,6
7236,6
6724,6
6725,6
7240,6
6729,6
7242,6
7246,6
3664,6
6742,6
6755,6
6763,6
6765,6
6766,6
3693,6
6767,6
6803,6
3764,6
6839,6
3599,6
3774,6
3794,6
3808,6
3832,6
3854,6
3856,6
3865,6
6960,6
5959,6
5960,6
5961,6
5962,6
5963,6
5964,6
5965,6
5966,6
5967,6
5968,6
5969,6
3411,6
3413,6
3414,6
3417,6
3420,6
3423,6
3426,6
3428,6
3429,6
3430,6
9739,6
3460,6
3492,6
7087,6
7088,6
7090,6
7091,6
7092,6
7093,6
7094,6
7095,6
7096,6
7097,6
7098,6
7105,6
7107,6
7108,6
7111,6
7114,6
7115,6
7116,6
3531,6
7117,6
7135,6
7136,6
7142,6
7146,6
7148,6
7154,6
3571,6
7157,6
7158,6
7159,6
7160,6
7161,6
7162,6
24,7
8217,7
27,7
28,7
29,7
32,7
8225,7
36,7
37,7
40,7
41,7
50,7
54,7
55,7
58,7
60,7
62,7
63,7
65,7
68,7
69,7
6727,7
6728,7
71,7
72,7
75,7
80,7
7252,7
7253,7
5461,7
7255,7
5463,7
91,7
94,7
5472,7
5473,7
5474,7
5481,7
5482,7
106,7
5485,7
109,7
7277,7
5488,7
5487,7
5490,7
5492,7
6775,7
5496,7
5495,7
5497,7
5499,7
5498,7
5501,7
5502,7
5503,7
5504,7
128,7
5506,7
5507,7
5508,7
6789,7
132,7
5509,7
5512,7
5511,7
5514,7
5515,7
5516,7
136,7
139,7
140,7
5520,7
4237,7
5522,7
4238,7
141,7
149,7
4239,7
145,7
147,7
5529,7
153,7
154,7
4244,7
5524,7
5526,7
5535,7
152,7
161,7
155,7
5539,7
5534,7
5543,7
170,7
5550,7
183,7
187,7
188,7
192,7
196,7
202,7
206,7
148,7
5889,8
5890,8
5891,8
5892,8
6926,8
7456,8
1958,8
1959,8
1971,8
1972,8
1975,8
1977,8
1978,8
1979,8
1980,8
1981,8
1983,8
1984,8
1985,8
1986,8
1987,8
1989,8
1990,8
1991,8
1992,8
1993,8
1994,8
1995,8
2657,8
5861,8
5862,8
5864,8
5865,8
4075,8
5927,9
5928,9
5930,9
5931,9
5932,9
5933,9
5934,9
5935,9
5936,9
2097,9
2103,9
2104,9
2106,9
2109,9
2110,9
2114,9
2117,9
2121,9
2123,9
2131,9
2134,9
2136,9
6747,9
6748,9
6749,9
2142,9
2151,9
2157,9
2162,9
2164,9
2166,9
2167,9
7546,9
7547,9
67,10
5510,10
5521,10
5527,10
5464,10
5465,10
5466,10
5531,10
5467,10
5533,10
5470,10
5468,10
5532,10
5469,10
5471,10
8355,10
5478,10
5479,10
5480,10
105,10
5544,10
169,10
5546,10
5547,10
5548,10
5489,10
5491,10
115,10
121,10
646,11
649,11
652,11
5581,11
5582,11
5583,11
5580,11
653,11
658,11
5584,11
5587,11
5588,11
5589,11
663,11
4252,11
4325,11
4326,11
4327,11
4328,11
631,11
632,11
4349,11
635,11
637,11
4350,11
5440,12
5442,12
5443,12
5444,12
5445,12
5446,12
7,12
5448,12
8,12
10,12
11,12
12,12
9,12
5447,12
15,12
5449,12
18,12
3995,12
3997,12
8628,12
5438,12
5893,13
5894,13
5895,13
5898,13
5899,13
5903,13
5904,13
5906,13
6771,13
5908,13
5920,14
5921,14
1998,14
1999,14
2000,14
2001,14
2002,14
2003,14
2004,14
5919,14
234,15
236,15
239,15
5554,15
211,15
243,15
244,15
216,15
2257,16
2249,16
2251,16
4076,16
1965,16
2254,16
2255,16
5568,17
529,17
5569,17
5571,17
5564,17
5566,17
5567,17
5840,18
1865,18
1866,18
1867,18
7962,18
1869,18
6783,18
4242,19
5914,19
5915,19
5916,19
5917,19
5918,19
6240,20
6322,20
6243,20
6248,20
6333,20
6304,21
6245,21
6262,21
6309,21
7082,22
5731,22
7083,22
3726,22
7195,23
3860,23
7196,23
6134,23
7634,24
5642,24
6779,24
5645,24
8961,25
2180,25
2189,25
1594,26
1596,26
1605,26
6296,27
6265,27
6295,27
6197,28
6198,28
3223,28
6329,29
6258,29
6325,29
9229,30
3030,30
730,31
719,31
729,32
5599,32
4106,33
5500,33
8208,34
5439,34
